repository,packaging_style,region_id,cohesion,coupling,score,action,decision_confidence,boundary
"Vantage (Spring Boot)","Feature/domain","pkg:com.backend.springapp",0,1,0,reconstruct,0.5,0.5
"Vantage (Spring Boot)","Feature/domain","pkg:com.backend.springapp.common",1.3636,0.7115,0.4327,reconstruct,0.0673,0.5
"Vantage (Spring Boot)","Feature/domain","pkg:com.backend.springapp.friend",6.8571,0.6129,0.6299,preserve,0.1299,0.5
"Vantage (Spring Boot)","Feature/domain","pkg:com.backend.springapp.friend.challenge",4.2857,0.6875,0.5617,preserve,0.0617,0.5
"Vantage (Spring Boot)","Feature/domain","pkg:com.backend.springapp.friend.challenge.dto",0.2,0.9778,0.0944,reconstruct,0.4056,0.5
"Vantage (Spring Boot)","Feature/domain","pkg:com.backend.springapp.friend.dto",1.6,0.8621,0.3767,reconstruct,0.1233,0.5
"Vantage (Spring Boot)","Feature/domain","pkg:com.backend.springapp.friend.presence",2.75,0.6333,0.55,preserve,0.0500,0.5
"Vantage (Spring Boot)","Feature/domain","pkg:com.backend.springapp.friend.presence.dto",0,1,0,reconstruct,0.5,0.5
"Vantage (Spring Boot)","Feature/domain","pkg:com.backend.springapp.gamification",5.25,0.7143,0.5629,preserve,0.0629,0.5
"Vantage (Spring Boot)","Feature/domain","pkg:com.backend.springapp.gamification.achievement",6,0.4,0.7286,preserve,0.2286,0.5
"Vantage (Spring Boot)","Feature/domain","pkg:com.backend.springapp.gamification.battle",9.0882,0.2117,0.8446,preserve,0.3446,0.5
"Vantage (Spring Boot)","Feature/domain","pkg:com.backend.springapp.gamification.coins",2.3333,0.7407,0.4796,reconstruct,0.0204,0.5
"Vantage (Spring Boot)","Feature/domain","pkg:com.backend.springapp.gamification.leaderboard",8.7778,0.3577,0.7700,preserve,0.2700,0.5
"Vantage (Spring Boot)","Feature/domain","pkg:com.backend.springapp.gamification.streak",0.6667,0.9375,0.2312,reconstruct,0.2688,0.5
"Vantage (Spring Boot)","Feature/domain","pkg:com.backend.springapp.problem",7.3333,0.5165,0.6818,preserve,0.1818,0.5
"Vantage (Spring Boot)","Feature/domain","pkg:com.backend.springapp.sse",1,0.7857,0.3571,reconstruct,0.1429,0.5
"Vantage (Spring Boot)","Feature/domain","pkg:com.backend.springapp.store",4.0833,0.2222,0.7905,preserve,0.2905,0.5
"Vantage (Spring Boot)","Feature/domain","pkg:com.backend.springapp.sync",0.5,0.9512,0.1911,reconstruct,0.3089,0.5
"Vantage (Spring Boot)","Feature/domain","pkg:com.backend.springapp.user",6.3636,0.6465,0.6089,preserve,0.1089,0.5
"Vantage (Spring Boot)","Feature/domain","pkg:com.backend.springapp.user.dto",0,1,0,reconstruct,0.5,0.5
"Broadleaf Commerce","Multi-module, layered","pkg:my.company.merge.config",0,1,0,reconstruct,0.5,0.5
"Broadleaf Commerce","Multi-module, layered","pkg:org.broadleafcommerce.admin.config",0,1,0,reconstruct,0.5,0.5
"Broadleaf Commerce","Multi-module, layered","pkg:org.broadleafcommerce.admin.event",0,1,0,reconstruct,0.5,0.5
"Broadleaf Commerce","Multi-module, layered","pkg:org.broadleafcommerce.admin.persistence.validation",0,1,0,reconstruct,0.5,0.5
"Broadleaf Commerce","Multi-module, layered","pkg:org.broadleafcommerce.admin.server.provider.metadata",0,1,0,reconstruct,0.5,0.5
"Broadleaf Commerce","Multi-module, layered","pkg:org.broadleafcommerce.admin.server.service",0.5,0.9804,0.1765,reconstruct,0.3235,0.5
"Broadleaf Commerce","Multi-module, layered","pkg:org.broadleafcommerce.admin.server.service.extension",0.8182,0.9430,0.2535,reconstruct,0.2465,0.5
"Broadleaf Commerce","Multi-module, layered","pkg:org.broadleafcommerce.admin.server.service.handler",0.2692,0.9954,0.1084,reconstruct,0.3916,0.5
"Broadleaf Commerce","Multi-module, layered","pkg:org.broadleafcommerce.admin.server.service.persistence.module.provider",0,1,0,reconstruct,0.5,0.5
"Broadleaf Commerce","Multi-module, layered","pkg:org.broadleafcommerce.admin.server.service.persistence.module.provider.extension",0.5,0.9268,0.2033,reconstruct,0.2967,0.5
"Broadleaf Commerce","Multi-module, layered","pkg:org.broadleafcommerce.admin.server.service.persistence.validation",0,1,0,reconstruct,0.5,0.5
"Broadleaf Commerce","Multi-module, layered","pkg:org.broadleafcommerce.admin.web.config",0,1,0,reconstruct,0.5,0.5
"Broadleaf Commerce","Multi-module, layered","pkg:org.broadleafcommerce.admin.web.controller.action",0,1,0,reconstruct,0.5,0.5
"Broadleaf Commerce","Multi-module, layered","pkg:org.broadleafcommerce.admin.web.controller.entity",0.2857,0.9878,0.1172,reconstruct,0.3828,0.5
"Broadleaf Commerce","Multi-module, layered","pkg:org.broadleafcommerce.admin.web.controller.extension",0,1,0,reconstruct,0.5,0.5
"Broadleaf Commerce","Multi-module, layered","pkg:org.broadleafcommerce.admin.web.controller.inventory",0,1,0,reconstruct,0.5,0.5
"Broadleaf Commerce","Multi-module, layered","pkg:org.broadleafcommerce.admin.web.rulebuilder",0,1,0,reconstruct,0.5,0.5
"Broadleaf Commerce","Multi-module, layered","pkg:org.broadleafcommerce.admin.web.rulebuilder.service",0,1,0,reconstruct,0.5,0.5
"Broadleaf Commerce","Multi-module, layered","pkg:org.broadleafcommerce.admin.web.rulebuilder.service.extension",0,1,0,reconstruct,0.5,0.5
"Broadleaf Commerce","Multi-module, layered","pkg:org.broadleafcommerce.admin.web.rulebuilder.service.options",0,1,0,reconstruct,0.5,0.5
"Broadleaf Commerce","Multi-module, layered","pkg:org.broadleafcommerce.api.common.web.filter",0,1,0,reconstruct,0.5,0.5
"Broadleaf Commerce","Multi-module, layered","pkg:org.broadleafcommerce.arch",0,0,0,reconstruct,0.5,0.5
"Broadleaf Commerce","Multi-module, layered","pkg:org.broadleafcommerce.cms.admin.server.handler",0.6,0.9910,0.1920,reconstruct,0.3080,0.5
"Broadleaf Commerce","Multi-module, layered","pkg:org.broadleafcommerce.cms.admin.server.persistence.provider",0,1,0,reconstruct,0.5,0.5
"Broadleaf Commerce","Multi-module, layered","pkg:org.broadleafcommerce.cms.admin.web.controller",0.1667,0.9890,0.0769,reconstruct,0.4231,0.5
"Broadleaf Commerce","Multi-module, layered","pkg:org.broadleafcommerce.cms.admin.web.service",0.3333,0.9706,0.1397,reconstruct,0.3603,0.5
"Broadleaf Commerce","Multi-module, layered","pkg:org.broadleafcommerce.cms.common",0,1,0,reconstruct,0.5,0.5
"Broadleaf Commerce","Multi-module, layered","pkg:org.broadleafcommerce.cms.config",0,1,0,reconstruct,0.5,0.5
"Broadleaf Commerce","Multi-module, layered","pkg:org.broadleafcommerce.cms.demo",0,1,0,reconstruct,0.5,0.5
"Broadleaf Commerce","Multi-module, layered","pkg:org.broadleafcommerce.cms.field.domain",5.5,0.8706,0.4878,reconstruct,0.0122,0.5
"Broadleaf Commerce","Multi-module, layered","pkg:org.broadleafcommerce.cms.field.type",0,1,0,reconstruct,0.5,0.5
"Broadleaf Commerce","Multi-module, layered","pkg:org.broadleafcommerce.cms.file",0,1,0,reconstruct,0.5,0.5
"Broadleaf Commerce","Multi-module, layered","pkg:org.broadleafcommerce.cms.file.dao",0.6,0.9577,0.2086,reconstruct,0.2914,0.5
"Broadleaf Commerce","Multi-module, layered","pkg:org.broadleafcommerce.cms.file.domain",2.5556,0.8832,0.4178,reconstruct,0.0822,0.5
"Broadleaf Commerce","Multi-module, layered","pkg:org.broadleafcommerce.cms.file.service",2.2857,0.9012,0.3972,reconstruct,0.1028,0.5
"Broadleaf Commerce","Multi-module, layered","pkg:org.broadleafcommerce.cms.file.service.operation",2.5,0.4444,0.6349,preserve,0.1349,0.5
"Broadleaf Commerce","Multi-module, layered","pkg:org.broadleafcommerce.cms.page.dao",0.5,0.9923,0.1705,reconstruct,0.3295,0.5
"Broadleaf Commerce","Multi-module, layered","pkg:org.broadleafcommerce.cms.page.domain",7.25,0.7623,0.5582,preserve,0.0582,0.5
"Broadleaf Commerce","Multi-module, layered","pkg:org.broadleafcommerce.cms.page.message",0,1,0,reconstruct,0.5,0.5
"Broadleaf Commerce","Multi-module, layered","pkg:org.broadleafcommerce.cms.page.message.jms",0,1,0,reconstruct,0.5,0.5
"Broadleaf Commerce","Multi-module, layered","pkg:org.broadleafcommerce.cms.page.service",0.9,0.9708,0.2515,reconstruct,0.2485,0.5
"Broadleaf Commerce","Multi-module, layered","pkg:org.broadleafcommerce.cms.page.service.type",0,1,0,reconstruct,0.5,0.5
"Broadleaf Commerce","Multi-module, layered","pkg:org.broadleafcommerce.cms.structure.dao",0.5,0.9902,0.1716,reconstruct,0.3284,0.5
"Broadleaf Commerce","Multi-module, layered","pkg:org.broadleafcommerce.cms.structure.domain",7.5625,0.7526,0.5653,preserve,0.0653,0.5
"Broadleaf Commerce","Multi-module, layered","pkg:org.broadleafcommerce.cms.structure.message",0,1,0,reconstruct,0.5,0.5
"Broadleaf Commerce","Multi-module, layered","pkg:org.broadleafcommerce.cms.structure.message.jms",0,1,0,reconstruct,0.5,0.5
"Broadleaf Commerce","Multi-module, layered","pkg:org.broadleafcommerce.cms.structure.service",0.6667,0.9861,0.2069,reconstruct,0.2931,0.5
"Broadleaf Commerce","Multi-module, layered","pkg:org.broadleafcommerce.cms.structure.service.type",0,1,0,reconstruct,0.5,0.5
"Broadleaf Commerce","Multi-module, layered","pkg:org.broadleafcommerce.cms.url.dao",0.5,0.9737,0.1798,reconstruct,0.3202,0.5
"Broadleaf Commerce","Multi-module, layered","pkg:org.broadleafcommerce.cms.url.domain",1.2,0.9568,0.2943,reconstruct,0.2057,0.5
"Broadleaf Commerce","Multi-module, layered","pkg:org.broadleafcommerce.cms.url.service",1.3333,0.9487,0.3114,reconstruct,0.1886,0.5
"Broadleaf Commerce","Multi-module, layered","pkg:org.broadleafcommerce.cms.url.type",0,1,0,reconstruct,0.5,0.5
"Broadleaf Commerce","Multi-module, layered","pkg:org.broadleafcommerce.cms.web",1.8333,0.7556,0.4458,reconstruct,0.0542,0.5
"Broadleaf Commerce","Multi-module, layered","pkg:org.broadleafcommerce.cms.web.controller",0,1,0,reconstruct,0.5,0.5
"Broadleaf Commerce","Multi-module, layered","pkg:org.broadleafcommerce.cms.web.deeplink",0,1,0,reconstruct,0.5,0.5
"Broadleaf Commerce","Multi-module, layered","pkg:org.broadleafcommerce.cms.web.file",0,1,0,reconstruct,0.5,0.5
"Broadleaf Commerce","Multi-module, layered","pkg:org.broadleafcommerce.cms.web.processor",0.6667,0.9452,0.2274,reconstruct,0.2726,0.5
"Broadleaf Commerce","Multi-module, layered","pkg:org.broadleafcommerce.common",0.2,0.9960,0.0853,reconstruct,0.4147,0.5
"Broadleaf Commerce","Multi-module, layered","pkg:org.broadleafcommerce.common.admin.condition",0,1,0,reconstruct,0.5,0.5
"Broadleaf Commerce","Multi-module, layered","pkg:org.broadleafcommerce.common.admin.domain",0,1,0,reconstruct,0.5,0.5
"Broadleaf Commerce","Multi-module, layered","pkg:org.broadleafcommerce.common.audit",0.8,0.9286,0.2579,reconstruct,0.2421,0.5
"Broadleaf Commerce","Multi-module, layered","pkg:org.broadleafcommerce.common.breadcrumbs.dto",1,0.9726,0.2637,reconstruct,0.2363,0.5
"Broadleaf Commerce","Multi-module, layered","pkg:org.broadleafcommerce.common.breadcrumbs.service",0.6,0.9333,0.2208,reconstruct,0.2792,0.5
"Broadleaf Commerce","Multi-module, layered","pkg:org.broadleafcommerce.common.cache",1.2143,0.7671,0.3906,reconstruct,0.1094,0.5
"Broadleaf Commerce","Multi-module, layered","pkg:org.broadleafcommerce.common.cache.engine",2.1538,0.3913,0.6458,preserve,0.1458,0.5
"Broadleaf Commerce","Multi-module, layered","pkg:org.broadleafcommerce.common.classloader.release",0,1,0,reconstruct,0.5,0.5
"Broadleaf Commerce","Multi-module, layered","pkg:org.broadleafcommerce.common.condition",0,1,0,reconstruct,0.5,0.5
"Broadleaf Commerce","Multi-module, layered","pkg:org.broadleafcommerce.common.config",0.68,0.9066,0.2491,reconstruct,0.2509,0.5
"Broadleaf Commerce","Multi-module, layered","pkg:org.broadleafcommerce.common.config.dao",0.6,0.9720,0.2015,reconstruct,0.2985,0.5
"Broadleaf Commerce","Multi-module, layered","pkg:org.broadleafcommerce.common.config.domain",0.8571,0.9742,0.2436,reconstruct,0.2564,0.5
"Broadleaf Commerce","Multi-module, layered","pkg:org.broadleafcommerce.common.config.service",0.8182,0.9211,0.2645,reconstruct,0.2355,0.5
"Broadleaf Commerce","Multi-module, layered","pkg:org.broadleafcommerce.common.config.service.type",0,1,0,reconstruct,0.5,0.5
"Broadleaf Commerce","Multi-module, layered","pkg:org.broadleafcommerce.common.copy",4.3333,0.9569,0.4278,reconstruct,0.0722,0.5
"Broadleaf Commerce","Multi-module, layered","pkg:org.broadleafcommerce.common.crossapp.service",0,1,0,reconstruct,0.5,0.5
"Broadleaf Commerce","Multi-module, layered","pkg:org.broadleafcommerce.common.currency",0,1,0,reconstruct,0.5,0.5
"Broadleaf Commerce","Multi-module, layered","pkg:org.broadleafcommerce.common.currency.dao",0.5,0.96,0.1867,reconstruct,0.3133,0.5
"Broadleaf Commerce","Multi-module, layered","pkg:org.broadleafcommerce.common.currency.domain",2,0.9619,0.3524,reconstruct,0.1476,0.5
"Broadleaf Commerce","Multi-module, layered","pkg:org.broadleafcommerce.common.currency.service",0.5,0.9615,0.1859,reconstruct,0.3141,0.5
"Broadleaf Commerce","Multi-module, layered","pkg:org.broadleafcommerce.common.currency.util",0,1,0,reconstruct,0.5,0.5
"Broadleaf Commerce","Multi-module, layered","pkg:org.broadleafcommerce.common.dao",0.5,0.9630,0.1852,reconstruct,0.3148,0.5
"Broadleaf Commerce","Multi-module, layered","pkg:org.broadleafcommerce.common.demo",1.5,0.7857,0.4071,reconstruct,0.0929,0.5
"Broadleaf Commerce","Multi-module, layered","pkg:org.broadleafcommerce.common.dialect",0.3333,0.5,0.375,reconstruct,0.125,0.5
"Broadleaf Commerce","Multi-module, layered","pkg:org.broadleafcommerce.common.domain",0,1,0,reconstruct,0.5,0.5
"Broadleaf Commerce","Multi-module, layered","pkg:org.broadleafcommerce.common.email.dao",0.5,0.9545,0.1894,reconstruct,0.3106,0.5
"Broadleaf Commerce","Multi-module, layered","pkg:org.broadleafcommerce.common.email.domain",3.25,0.5593,0.6027,preserve,0.1027,0.5
"Broadleaf Commerce","Multi-module, layered","pkg:org.broadleafcommerce.common.email.service",1,0.9014,0.2993,reconstruct,0.2007,0.5
"Broadleaf Commerce","Multi-module, layered","pkg:org.broadleafcommerce.common.email.service.exception",0,1,0,reconstruct,0.5,0.5
"Broadleaf Commerce","Multi-module, layered","pkg:org.broadleafcommerce.common.email.service.info",0.3333,0.9875,0.1312,reconstruct,0.3688,0.5
"Broadleaf Commerce","Multi-module, layered","pkg:org.broadleafcommerce.common.email.service.jms",0.3333,0.9286,0.1607,reconstruct,0.3393,0.5
"Broadleaf Commerce","Multi-module, layered","pkg:org.broadleafcommerce.common.email.service.message",0.2,0.9773,0.0947,reconstruct,0.4053,0.5
"Broadleaf Commerce","Multi-module, layered","pkg:org.broadleafcommerce.common.encryption",0.5,0.9583,0.1875,reconstruct,0.3125,0.5
"Broadleaf Commerce","Multi-module, layered","pkg:org.broadleafcommerce.common.entity.dto",0,1,0,reconstruct,0.5,0.5
"Broadleaf Commerce","Multi-module, layered","pkg:org.broadleafcommerce.common.entity.service",1,0.9751,0.2624,reconstruct,0.2376,0.5
"Broadleaf Commerce","Multi-module, layered","pkg:org.broadleafcommerce.common.enumeration.dao",0.5,0.9545,0.1894,reconstruct,0.3106,0.5
"Broadleaf Commerce","Multi-module, layered","pkg:org.broadleafcommerce.common.enumeration.domain",7,0.7308,0.5721,preserve,0.0721,0.5
"Broadleaf Commerce","Multi-module, layered","pkg:org.broadleafcommerce.common.enumeration.service",0.5,0.9231,0.2051,reconstruct,0.2949,0.5
"Broadleaf Commerce","Multi-module, layered","pkg:org.broadleafcommerce.common.event",1.2308,0.8280,0.3619,reconstruct,0.1381,0.5
"Broadleaf Commerce","Multi-module, layered","pkg:org.broadleafcommerce.common.exception",0.1538,0.9975,0.0679,reconstruct,0.4321,0.5
"Broadleaf Commerce","Multi-module, layered","pkg:org.broadleafcommerce.common.expression",0.5,0,0.6667,preserve,0.1667,0.5
"Broadleaf Commerce","Multi-module, layered","pkg:org.broadleafcommerce.common.extensibility",0.5,0.9545,0.1894,reconstruct,0.3106,0.5
"Broadleaf Commerce","Multi-module, layered","pkg:org.broadleafcommerce.common.extensibility.cache",0.5556,0.9684,0.1944,reconstruct,0.3056,0.5
"Broadleaf Commerce","Multi-module, layered","pkg:org.broadleafcommerce.common.extensibility.cache.ehcache",0.8,0.6757,0.3844,reconstruct,0.1156,0.5
"Broadleaf Commerce","Multi-module, layered","pkg:org.broadleafcommerce.common.extensibility.cache.jcache",0.5,0.9231,0.2051,reconstruct,0.2949,0.5
"Broadleaf Commerce","Multi-module, layered","pkg:org.broadleafcommerce.common.extensibility.config",0,0,0,reconstruct,0.5,0.5
"Broadleaf Commerce","Multi-module, layered","pkg:org.broadleafcommerce.common.extensibility.context.merge",3.7647,0.4754,0.6574,preserve,0.1574,0.5
"Broadleaf Commerce","Multi-module, layered","pkg:org.broadleafcommerce.common.extensibility.context.merge.exceptions",0,1,0,reconstruct,0.5,0.5
"Broadleaf Commerce","Multi-module, layered","pkg:org.broadleafcommerce.common.extensibility.context.merge.handlers",1.3125,0.4615,0.5530,preserve,0.0530,0.5
"Broadleaf Commerce","Multi-module, layered","pkg:org.broadleafcommerce.common.extensibility.jpa",0.5,0.88,0.2267,reconstruct,0.2733,0.5
"Broadleaf Commerce","Multi-module, layered","pkg:org.broadleafcommerce.common.extensibility.jpa.cache",0,1,0,reconstruct,0.5,0.5
"Broadleaf Commerce","Multi-module, layered","pkg:org.broadleafcommerce.common.extensibility.jpa.clone",0,1,0,reconstruct,0.5,0.5
"Broadleaf Commerce","Multi-module, layered","pkg:org.broadleafcommerce.common.extensibility.jpa.convert",0.75,0.9412,0.2437,reconstruct,0.2563,0.5
"Broadleaf Commerce","Multi-module, layered","pkg:org.broadleafcommerce.common.extensibility.jpa.convert.inheritance",3.5,0.3636,0.7071,preserve,0.2071,0.5
"Broadleaf Commerce","Multi-module, layered","pkg:org.broadleafcommerce.common.extensibility.jpa.copy",1.3846,0.9532,0.3137,reconstruct,0.1863,0.5
"Broadleaf Commerce","Multi-module, layered","pkg:org.broadleafcommerce.common.extensibility.jpa.hibernate",0,1,0,reconstruct,0.5,0.5
"Broadleaf Commerce","Multi-module, layered","pkg:org.broadleafcommerce.common.extension",8.875,0.9369,0.4809,reconstruct,0.0191,0.5
"Broadleaf Commerce","Multi-module, layered","pkg:org.broadleafcommerce.common.file",0,1,0,reconstruct,0.5,0.5
"Broadleaf Commerce","Multi-module, layered","pkg:org.broadleafcommerce.common.file.domain",0,1,0,reconstruct,0.5,0.5
"Broadleaf Commerce","Multi-module, layered","pkg:org.broadleafcommerce.common.file.service",1.8462,0.8519,0.3984,reconstruct,0.1016,0.5
"Broadleaf Commerce","Multi-module, layered","pkg:org.broadleafcommerce.common.file.service.type",0,1,0,reconstruct,0.5,0.5
"Broadleaf Commerce","Multi-module, layered","pkg:org.broadleafcommerce.common.filter",1.75,0,0.8182,preserve,0.3182,0.5
"Broadleaf Commerce","Multi-module, layered","pkg:org.broadleafcommerce.common.i18n.dao",0.5,0.9812,0.1760,reconstruct,0.3240,0.5
"Broadleaf Commerce","Multi-module, layered","pkg:org.broadleafcommerce.common.i18n.domain",1.4,0.9807,0.3013,reconstruct,0.1987,0.5
"Broadleaf Commerce","Multi-module, layered","pkg:org.broadleafcommerce.common.i18n.service",2.3077,0.9145,0.3916,reconstruct,0.1084,0.5
"Broadleaf Commerce","Multi-module, layered","pkg:org.broadleafcommerce.common.i18n.service.type",0,1,0,reconstruct,0.5,0.5
"Broadleaf Commerce","Multi-module, layered","pkg:org.broadleafcommerce.common.id.dao",0.5,0.9231,0.2051,reconstruct,0.2949,0.5
"Broadleaf Commerce","Multi-module, layered","pkg:org.broadleafcommerce.common.id.domain",0.5,0.96,0.1867,reconstruct,0.3133,0.5
"Broadleaf Commerce","Multi-module, layered","pkg:org.broadleafcommerce.common.id.service",0.5,0.9167,0.2083,reconstruct,0.2917,0.5
"Broadleaf Commerce","Multi-module, layered","pkg:org.broadleafcommerce.common.io",0.5,0.75,0.2917,reconstruct,0.2083,0.5
"Broadleaf Commerce","Multi-module, layered","pkg:org.broadleafcommerce.common.jmx",0,0,0,reconstruct,0.5,0.5
"Broadleaf Commerce","Multi-module, layered","pkg:org.broadleafcommerce.common.locale.dao",0.5,0.9630,0.1852,reconstruct,0.3148,0.5
"Broadleaf Commerce","Multi-module, layered","pkg:org.broadleafcommerce.common.locale.domain",0.5,0.9969,0.1682,reconstruct,0.3318,0.5
"Broadleaf Commerce","Multi-module, layered","pkg:org.broadleafcommerce.common.locale.service",0.5,0.9804,0.1765,reconstruct,0.3235,0.5
"Broadleaf Commerce","Multi-module, layered","pkg:org.broadleafcommerce.common.locale.util",0,1,0,reconstruct,0.5,0.5
"Broadleaf Commerce","Multi-module, layered","pkg:org.broadleafcommerce.common.logging",1.75,0.625,0.5057,preserve,0.0057,0.5
"Broadleaf Commerce","Multi-module, layered","pkg:org.broadleafcommerce.common.media.domain",0.6667,0.9876,0.2062,reconstruct,0.2938,0.5
"Broadleaf Commerce","Multi-module, layered","pkg:org.broadleafcommerce.common.module",2,0.8824,0.3922,reconstruct,0.1078,0.5
"Broadleaf Commerce","Multi-module, layered","pkg:org.broadleafcommerce.common.money",1.6667,0.9924,0.3163,reconstruct,0.1837,0.5
"Broadleaf Commerce","Multi-module, layered","pkg:org.broadleafcommerce.common.money.util",0,1,0,reconstruct,0.5,0.5
"Broadleaf Commerce","Multi-module, layered","pkg:org.broadleafcommerce.common.notification.service",1.4,0.86,0.3617,reconstruct,0.1383,0.5
"Broadleaf Commerce","Multi-module, layered","pkg:org.broadleafcommerce.common.notification.service.type",2.25,0.8636,0.4143,reconstruct,0.0857,0.5
"Broadleaf Commerce","Multi-module, layered","pkg:org.broadleafcommerce.common.page.dto",0.5,0.9918,0.1708,reconstruct,0.3292,0.5
"Broadleaf Commerce","Multi-module, layered","pkg:org.broadleafcommerce.common.payment",0.8333,0.9487,0.2529,reconstruct,0.2471,0.5
"Broadleaf Commerce","Multi-module, layered","pkg:org.broadleafcommerce.common.payment.dto",8.1111,0.8501,0.5201,preserve,0.0201,0.5
"Broadleaf Commerce","Multi-module, layered","pkg:org.broadleafcommerce.common.payment.service",1.4419,0.8762,0.3571,reconstruct,0.1429,0.5
"Broadleaf Commerce","Multi-module, layered","pkg:org.broadleafcommerce.common.persistence",1.3636,0.9583,0.3093,reconstruct,0.1907,0.5
"Broadleaf Commerce","Multi-module, layered","pkg:org.broadleafcommerce.common.persistence.transaction",4.3077,0.1385,0.8366,preserve,0.3366,0.5
"Broadleaf Commerce","Multi-module, layered","pkg:org.broadleafcommerce.common.presentation",0,1,0,reconstruct,0.5,0.5
"Broadleaf Commerce","Multi-module, layered","pkg:org.broadleafcommerce.common.presentation.client",0,1,0,reconstruct,0.5,0.5
"Broadleaf Commerce","Multi-module, layered","pkg:org.broadleafcommerce.common.presentation.override",0,1,0,reconstruct,0.5,0.5
"Broadleaf Commerce","Multi-module, layered","pkg:org.broadleafcommerce.common.resource",0,1,0,reconstruct,0.5,0.5
"Broadleaf Commerce","Multi-module, layered","pkg:org.broadleafcommerce.common.resource.service",1.6667,0.7,0.4625,reconstruct,0.0375,0.5
"Broadleaf Commerce","Multi-module, layered","pkg:org.broadleafcommerce.common.rest.api.wrapper",2.2,0.2143,0.7366,preserve,0.2366,0.5
"Broadleaf Commerce","Multi-module, layered","pkg:org.broadleafcommerce.common.rule",0.1667,0.9882,0.0773,reconstruct,0.4227,0.5
"Broadleaf Commerce","Multi-module, layered","pkg:org.broadleafcommerce.common.sandbox",0.25,0.9839,0.1081,reconstruct,0.3919,0.5
"Broadleaf Commerce","Multi-module, layered","pkg:org.broadleafcommerce.common.sandbox.dao",0.5,0.9931,0.1701,reconstruct,0.3299,0.5
"Broadleaf Commerce","Multi-module, layered","pkg:org.broadleafcommerce.common.sandbox.domain",3.5,0.9412,0.4183,reconstruct,0.0817,0.5
"Broadleaf Commerce","Multi-module, layered","pkg:org.broadleafcommerce.common.sandbox.service",0.5,0.9881,0.1726,reconstruct,0.3274,0.5
"Broadleaf Commerce","Multi-module, layered","pkg:org.broadleafcommerce.common.security",0,1,0,reconstruct,0.5,0.5
"Broadleaf Commerce","Multi-module, layered","pkg:org.broadleafcommerce.common.security.channel",0,0,0,reconstruct,0.5,0.5
"Broadleaf Commerce","Multi-module, layered","pkg:org.broadleafcommerce.common.security.handler",0,1,0,reconstruct,0.5,0.5
"Broadleaf Commerce","Multi-module, layered","pkg:org.broadleafcommerce.common.security.ldap",0,1,0,reconstruct,0.5,0.5
"Broadleaf Commerce","Multi-module, layered","pkg:org.broadleafcommerce.common.security.service",1.2222,0.8571,0.3464,reconstruct,0.1536,0.5
"Broadleaf Commerce","Multi-module, layered","pkg:org.broadleafcommerce.common.security.util",0.3333,0.9459,0.1520,reconstruct,0.3480,0.5
"Broadleaf Commerce","Multi-module, layered","pkg:org.broadleafcommerce.common.service",0.7143,0.9609,0.2279,reconstruct,0.2721,0.5
"Broadleaf Commerce","Multi-module, layered","pkg:org.broadleafcommerce.common.site.dao",0.5,0.9870,0.1732,reconstruct,0.3268,0.5
"Broadleaf Commerce","Multi-module, layered","pkg:org.broadleafcommerce.common.site.domain",6,0.9132,0.4720,reconstruct,0.0280,0.5
"Broadleaf Commerce","Multi-module, layered","pkg:org.broadleafcommerce.common.site.service",0.8333,0.9643,0.2451,reconstruct,0.2549,0.5
"Broadleaf Commerce","Multi-module, layered","pkg:org.broadleafcommerce.common.site.service.provider",0,1,0,reconstruct,0.5,0.5
"Broadleaf Commerce","Multi-module, layered","pkg:org.broadleafcommerce.common.site.service.type",0,1,0,reconstruct,0.5,0.5
"Broadleaf Commerce","Multi-module, layered","pkg:org.broadleafcommerce.common.sitemap.controller",0,1,0,reconstruct,0.5,0.5
"Broadleaf Commerce","Multi-module, layered","pkg:org.broadleafcommerce.common.sitemap.domain",5,0.7765,0.5284,preserve,0.0284,0.5
"Broadleaf Commerce","Multi-module, layered","pkg:org.broadleafcommerce.common.sitemap.domain.weave",0,1,0,reconstruct,0.5,0.5
"Broadleaf Commerce","Multi-module, layered","pkg:org.broadleafcommerce.common.sitemap.exception",0,1,0,reconstruct,0.5,0.5
"Broadleaf Commerce","Multi-module, layered","pkg:org.broadleafcommerce.common.sitemap.service",4,0.8367,0.4816,reconstruct,0.0184,0.5
"Broadleaf Commerce","Multi-module, layered","pkg:org.broadleafcommerce.common.sitemap.service.type",0,1,0,reconstruct,0.5,0.5
"Broadleaf Commerce","Multi-module, layered","pkg:org.broadleafcommerce.common.sitemap.wrapper",3.8333,0.6618,0.5657,preserve,0.0657,0.5
"Broadleaf Commerce","Multi-module, layered","pkg:org.broadleafcommerce.common.sms.service",0.5,0.8,0.2667,reconstruct,0.2333,0.5
"Broadleaf Commerce","Multi-module, layered","pkg:org.broadleafcommerce.common.sms.service.type",0,1,0,reconstruct,0.5,0.5
"Broadleaf Commerce","Multi-module, layered","pkg:org.broadleafcommerce.common.structure.dto",5.6667,0.8938,0.4781,reconstruct,0.0219,0.5
"Broadleaf Commerce","Multi-module, layered","pkg:org.broadleafcommerce.common.template",0.4,0.9512,0.1672,reconstruct,0.3328,0.5
"Broadleaf Commerce","Multi-module, layered","pkg:org.broadleafcommerce.common.time",1.3333,0.8681,0.3516,reconstruct,0.1484,0.5
"Broadleaf Commerce","Multi-module, layered","pkg:org.broadleafcommerce.common.time.domain",0,1,0,reconstruct,0.5,0.5
"Broadleaf Commerce","Multi-module, layered","pkg:org.broadleafcommerce.common.util",0.8462,0.9021,0.2781,reconstruct,0.2219,0.5
"Broadleaf Commerce","Multi-module, layered","pkg:org.broadleafcommerce.common.util.dao",1.3333,0.9358,0.3178,reconstruct,0.1822,0.5
"Broadleaf Commerce","Multi-module, layered","pkg:org.broadleafcommerce.common.util.sql.importsql",0,1,0,reconstruct,0.5,0.5
"Broadleaf Commerce","Multi-module, layered","pkg:org.broadleafcommerce.common.util.tenant",3,0.8676,0.4412,reconstruct,0.0588,0.5
"Broadleaf Commerce","Multi-module, layered","pkg:org.broadleafcommerce.common.util.xml",0,1,0,reconstruct,0.5,0.5
"Broadleaf Commerce","Multi-module, layered","pkg:org.broadleafcommerce.common.value",0,1,0,reconstruct,0.5,0.5
"Broadleaf Commerce","Multi-module, layered","pkg:org.broadleafcommerce.common.vendor.service",0,0,0,reconstruct,0.5,0.5
"Broadleaf Commerce","Multi-module, layered","pkg:org.broadleafcommerce.common.vendor.service.cache",1.4,0,0.7917,preserve,0.2917,0.5
"Broadleaf Commerce","Multi-module, layered","pkg:org.broadleafcommerce.common.vendor.service.exception",0.4,0.9890,0.1484,reconstruct,0.3516,0.5
"Broadleaf Commerce","Multi-module, layered","pkg:org.broadleafcommerce.common.vendor.service.message",0,1,0,reconstruct,0.5,0.5
"Broadleaf Commerce","Multi-module, layered","pkg:org.broadleafcommerce.common.vendor.service.monitor",6.3333,0.5682,0.6477,preserve,0.1477,0.5
"Broadleaf Commerce","Multi-module, layered","pkg:org.broadleafcommerce.common.vendor.service.monitor.handler",0,1,0,reconstruct,0.5,0.5
"Broadleaf Commerce","Multi-module, layered","pkg:org.broadleafcommerce.common.vendor.service.type",0,1,0,reconstruct,0.5,0.5
"Broadleaf Commerce","Multi-module, layered","pkg:org.broadleafcommerce.common.weave",2.2857,0.4839,0.6059,preserve,0.1059,0.5
"Broadleaf Commerce","Multi-module, layered","pkg:org.broadleafcommerce.common.web",1.325,0.9216,0.3241,reconstruct,0.1759,0.5
"Broadleaf Commerce","Multi-module, layered","pkg:org.broadleafcommerce.common.web.boot.support",0,0,0,reconstruct,0.5,0.5
"Broadleaf Commerce","Multi-module, layered","pkg:org.broadleafcommerce.common.web.cache",0.6667,0.8889,0.2556,reconstruct,0.2444,0.5
"Broadleaf Commerce","Multi-module, layered","pkg:org.broadleafcommerce.common.web.config",0,1,0,reconstruct,0.5,0.5
"Broadleaf Commerce","Multi-module, layered","pkg:org.broadleafcommerce.common.web.controller",0,1,0,reconstruct,0.5,0.5
"Broadleaf Commerce","Multi-module, layered","pkg:org.broadleafcommerce.common.web.controller.annotation",0,1,0,reconstruct,0.5,0.5
"Broadleaf Commerce","Multi-module, layered","pkg:org.broadleafcommerce.common.web.deeplink",2,0.9,0.3833,reconstruct,0.1167,0.5
"Broadleaf Commerce","Multi-module, layered","pkg:org.broadleafcommerce.common.web.device",0,1,0,reconstruct,0.5,0.5
"Broadleaf Commerce","Multi-module, layered","pkg:org.broadleafcommerce.common.web.exception",0,1,0,reconstruct,0.5,0.5
"Broadleaf Commerce","Multi-module, layered","pkg:org.broadleafcommerce.common.web.expression",0.875,0.9320,0.2673,reconstruct,0.2327,0.5
"Broadleaf Commerce","Multi-module, layered","pkg:org.broadleafcommerce.common.web.filter",0.3,0.9559,0.1374,reconstruct,0.3626,0.5
"Broadleaf Commerce","Multi-module, layered","pkg:org.broadleafcommerce.common.web.form",0,1,0,reconstruct,0.5,0.5
"Broadleaf Commerce","Multi-module, layered","pkg:org.broadleafcommerce.common.web.payment.controller",0,1,0,reconstruct,0.5,0.5
"Broadleaf Commerce","Multi-module, layered","pkg:org.broadleafcommerce.common.web.payment.expression",1.25,0.8,0.3778,reconstruct,0.1222,0.5
"Broadleaf Commerce","Multi-module, layered","pkg:org.broadleafcommerce.common.web.payment.processor",1,0.8767,0.3116,reconstruct,0.1884,0.5
"Broadleaf Commerce","Multi-module, layered","pkg:org.broadleafcommerce.common.web.processor",0.5,0.9661,0.1836,reconstruct,0.3164,0.5
"Broadleaf Commerce","Multi-module, layered","pkg:org.broadleafcommerce.common.web.processor.attributes",0,1,0,reconstruct,0.5,0.5
"Broadleaf Commerce","Multi-module, layered","pkg:org.broadleafcommerce.common.web.request",3.5,0.4167,0.6806,preserve,0.1806,0.5
"Broadleaf Commerce","Multi-module, layered","pkg:org.broadleafcommerce.common.web.resource",0.5714,0.9322,0.2157,reconstruct,0.2843,0.5
"Broadleaf Commerce","Multi-module, layered","pkg:org.broadleafcommerce.common.web.resource.resolver",0,1,0,reconstruct,0.5,0.5
"Broadleaf Commerce","Multi-module, layered","pkg:org.broadleafcommerce.common.web.resource.transformer",0,1,0,reconstruct,0.5,0.5
"Broadleaf Commerce","Multi-module, layered","pkg:org.broadleafcommerce.common.web.security",0,1,0,reconstruct,0.5,0.5
"Broadleaf Commerce","Multi-module, layered","pkg:org.broadleafcommerce.common.web.util",0.8889,0.68,0.3953,reconstruct,0.1047,0.5
"Broadleaf Commerce","Multi-module, layered","pkg:org.broadleafcommerce.common.web.validator",0.75,0.9167,0.2560,reconstruct,0.2440,0.5
"Broadleaf Commerce","Multi-module, layered","pkg:org.broadleafcommerce.common.workflow",0,1,0,reconstruct,0.5,0.5
"Broadleaf Commerce","Multi-module, layered","pkg:org.broadleafcommerce.core.catalog",0,1,0,reconstruct,0.5,0.5
"Broadleaf Commerce","Multi-module, layered","pkg:org.broadleafcommerce.core.catalog.dao",0.7241,0.9754,0.2223,reconstruct,0.2777,0.5
"Broadleaf Commerce","Multi-module, layered","pkg:org.broadleafcommerce.core.catalog.domain",13.6167,0.8043,0.5636,preserve,0.0636,0.5
"Broadleaf Commerce","Multi-module, layered","pkg:org.broadleafcommerce.core.catalog.domain.dto",0,1,0,reconstruct,0.5,0.5
"Broadleaf Commerce","Multi-module, layered","pkg:org.broadleafcommerce.core.catalog.domain.pricing",0,1,0,reconstruct,0.5,0.5
"Broadleaf Commerce","Multi-module, layered","pkg:org.broadleafcommerce.core.catalog.service",1.1429,0.9722,0.2806,reconstruct,0.2194,0.5
"Broadleaf Commerce","Multi-module, layered","pkg:org.broadleafcommerce.core.catalog.service.dynamic",3.7143,0.7984,0.4947,reconstruct,0.0053,0.5
"Broadleaf Commerce","Multi-module, layered","pkg:org.broadleafcommerce.core.catalog.service.extension",0.625,0.8980,0.2433,reconstruct,0.2567,0.5
"Broadleaf Commerce","Multi-module, layered","pkg:org.broadleafcommerce.core.catalog.service.type",0,1,0,reconstruct,0.5,0.5
"Broadleaf Commerce","Multi-module, layered","pkg:org.broadleafcommerce.core.checkout.service",0.6667,0.9874,0.2063,reconstruct,0.2937,0.5
"Broadleaf Commerce","Multi-module, layered","pkg:org.broadleafcommerce.core.checkout.service.exception",0,1,0,reconstruct,0.5,0.5
"Broadleaf Commerce","Multi-module, layered","pkg:org.broadleafcommerce.core.checkout.service.gateway",0,1,0,reconstruct,0.5,0.5
"Broadleaf Commerce","Multi-module, layered","pkg:org.broadleafcommerce.core.checkout.service.strategy",0.5,0.9899,0.1717,reconstruct,0.3283,0.5
"Broadleaf Commerce","Multi-module, layered","pkg:org.broadleafcommerce.core.checkout.service.workflow",5.6875,0.8112,0.5196,preserve,0.0196,0.5
"Broadleaf Commerce","Multi-module, layered","pkg:org.broadleafcommerce.core.checkout.service.workflow.extension",0.6667,0.9091,0.2455,reconstruct,0.2545,0.5
"Broadleaf Commerce","Multi-module, layered","pkg:org.broadleafcommerce.core.config",0,1,0,reconstruct,0.5,0.5
"Broadleaf Commerce","Multi-module, layered","pkg:org.broadleafcommerce.core.demo",0,1,0,reconstruct,0.5,0.5
"Broadleaf Commerce","Multi-module, layered","pkg:org.broadleafcommerce.core.event",0.6667,0.8333,0.2833,reconstruct,0.2167,0.5
"Broadleaf Commerce","Multi-module, layered","pkg:org.broadleafcommerce.core.geolocation",2.5,0.2857,0.7143,preserve,0.2143,0.5
"Broadleaf Commerce","Multi-module, layered","pkg:org.broadleafcommerce.core.inventory.domain",0.5,0.9167,0.2083,reconstruct,0.2917,0.5
"Broadleaf Commerce","Multi-module, layered","pkg:org.broadleafcommerce.core.inventory.service",3.7143,0.8956,0.4461,reconstruct,0.0539,0.5
"Broadleaf Commerce","Multi-module, layered","pkg:org.broadleafcommerce.core.inventory.service.type",0,1,0,reconstruct,0.5,0.5
"Broadleaf Commerce","Multi-module, layered","pkg:org.broadleafcommerce.core.media.domain",0,0,0,reconstruct,0.5,0.5
"Broadleaf Commerce","Multi-module, layered","pkg:org.broadleafcommerce.core.offer",0,1,0,reconstruct,0.5,0.5
"Broadleaf Commerce","Multi-module, layered","pkg:org.broadleafcommerce.core.offer.dao",0.6364,0.9767,0.2061,reconstruct,0.2939,0.5
"Broadleaf Commerce","Multi-module, layered","pkg:org.broadleafcommerce.core.offer.domain",4.8936,0.9040,0.4632,reconstruct,0.0368,0.5
"Broadleaf Commerce","Multi-module, layered","pkg:org.broadleafcommerce.core.offer.service",1.84,0.9768,0.3355,reconstruct,0.1645,0.5
"Broadleaf Commerce","Multi-module, layered","pkg:org.broadleafcommerce.core.offer.service.discount",0.5,0.9786,0.1774,reconstruct,0.3226,0.5
"Broadleaf Commerce","Multi-module, layered","pkg:org.broadleafcommerce.core.offer.service.discount.domain",13.6429,0.7690,0.5813,preserve,0.0813,0.5
"Broadleaf Commerce","Multi-module, layered","pkg:org.broadleafcommerce.core.offer.service.exception",0.75,0.9091,0.2597,reconstruct,0.2403,0.5
"Broadleaf Commerce","Multi-module, layered","pkg:org.broadleafcommerce.core.offer.service.processor",2.1429,0.9727,0.3546,reconstruct,0.1454,0.5
"Broadleaf Commerce","Multi-module, layered","pkg:org.broadleafcommerce.core.offer.service.type",0,1,0,reconstruct,0.5,0.5
"Broadleaf Commerce","Multi-module, layered","pkg:org.broadleafcommerce.core.offer.service.workflow",0.3333,0.9898,0.1301,reconstruct,0.3699,0.5
"Broadleaf Commerce","Multi-module, layered","pkg:org.broadleafcommerce.core.offer.weave",0.5,0.9091,0.2121,reconstruct,0.2879,0.5
"Broadleaf Commerce","Multi-module, layered","pkg:org.broadleafcommerce.core.order",0,1,0,reconstruct,0.5,0.5
"Broadleaf Commerce","Multi-module, layered","pkg:org.broadleafcommerce.core.order.dao",0.8947,0.9708,0.2507,reconstruct,0.2493,0.5
"Broadleaf Commerce","Multi-module, layered","pkg:org.broadleafcommerce.core.order.domain",9.56,0.8993,0.5030,preserve,0.0030,0.5
"Broadleaf Commerce","Multi-module, layered","pkg:org.broadleafcommerce.core.order.domain.dto",0,1,0,reconstruct,0.5,0.5
"Broadleaf Commerce","Multi-module, layered","pkg:org.broadleafcommerce.core.order.domain.weave",0,1,0,reconstruct,0.5,0.5
"Broadleaf Commerce","Multi-module, layered","pkg:org.broadleafcommerce.core.order.event",0,1,0,reconstruct,0.5,0.5
"Broadleaf Commerce","Multi-module, layered","pkg:org.broadleafcommerce.core.order.extension",0.6667,0.9355,0.2323,reconstruct,0.2677,0.5
"Broadleaf Commerce","Multi-module, layered","pkg:org.broadleafcommerce.core.order.fulfillment.domain",4.9167,0.7511,0.5400,preserve,0.0400,0.5
"Broadleaf Commerce","Multi-module, layered","pkg:org.broadleafcommerce.core.order.service",1.25,0.9812,0.2872,reconstruct,0.2128,0.5
"Broadleaf Commerce","Multi-module, layered","pkg:org.broadleafcommerce.core.order.service.call",1.5556,0.9507,0.3290,reconstruct,0.1710,0.5
"Broadleaf Commerce","Multi-module, layered","pkg:org.broadleafcommerce.core.order.service.exception",0,1,0,reconstruct,0.5,0.5
"Broadleaf Commerce","Multi-module, layered","pkg:org.broadleafcommerce.core.order.service.extension",0.6667,0.9412,0.2294,reconstruct,0.2706,0.5
"Broadleaf Commerce","Multi-module, layered","pkg:org.broadleafcommerce.core.order.service.manipulation",0.25,0.9815,0.1093,reconstruct,0.3907,0.5
"Broadleaf Commerce","Multi-module, layered","pkg:org.broadleafcommerce.core.order.service.type",0,1,0,reconstruct,0.5,0.5
"Broadleaf Commerce","Multi-module, layered","pkg:org.broadleafcommerce.core.order.service.workflow",5.3636,0.8618,0.4905,reconstruct,0.0095,0.5
"Broadleaf Commerce","Multi-module, layered","pkg:org.broadleafcommerce.core.order.service.workflow.add",0,1,0,reconstruct,0.5,0.5
"Broadleaf Commerce","Multi-module, layered","pkg:org.broadleafcommerce.core.order.service.workflow.add.extension",0.6667,0.9091,0.2455,reconstruct,0.2545,0.5
"Broadleaf Commerce","Multi-module, layered","pkg:org.broadleafcommerce.core.order.service.workflow.remove",0,1,0,reconstruct,0.5,0.5
"Broadleaf Commerce","Multi-module, layered","pkg:org.broadleafcommerce.core.order.service.workflow.service",0.5,0.9870,0.1732,reconstruct,0.3268,0.5
"Broadleaf Commerce","Multi-module, layered","pkg:org.broadleafcommerce.core.order.service.workflow.update",0,1,0,reconstruct,0.5,0.5
"Broadleaf Commerce","Multi-module, layered","pkg:org.broadleafcommerce.core.order.service.workflow.update.options",0,1,0,reconstruct,0.5,0.5
"Broadleaf Commerce","Multi-module, layered","pkg:org.broadleafcommerce.core.order.strategy",0.6667,0.9843,0.2079,reconstruct,0.2921,0.5
"Broadleaf Commerce","Multi-module, layered","pkg:org.broadleafcommerce.core.payment",0,1,0,reconstruct,0.5,0.5
"Broadleaf Commerce","Multi-module, layered","pkg:org.broadleafcommerce.core.payment.dao",0.5,0.9762,0.1786,reconstruct,0.3214,0.5
"Broadleaf Commerce","Multi-module, layered","pkg:org.broadleafcommerce.core.payment.domain",8.2,0.9095,0.4909,reconstruct,0.0091,0.5
"Broadleaf Commerce","Multi-module, layered","pkg:org.broadleafcommerce.core.payment.domain.secure",0.8571,0.9429,0.2593,reconstruct,0.2407,0.5
"Broadleaf Commerce","Multi-module, layered","pkg:org.broadleafcommerce.core.payment.service",0.7083,0.9715,0.2216,reconstruct,0.2784,0.5
"Broadleaf Commerce","Multi-module, layered","pkg:org.broadleafcommerce.core.payment.service.exception",0.6667,0.7778,0.3111,reconstruct,0.1889,0.5
"Broadleaf Commerce","Multi-module, layered","pkg:org.broadleafcommerce.core.payment.service.type",0,1,0,reconstruct,0.5,0.5
"Broadleaf Commerce","Multi-module, layered","pkg:org.broadleafcommerce.core.pricing.service",0.4286,0.9884,0.1558,reconstruct,0.3442,0.5
"Broadleaf Commerce","Multi-module, layered","pkg:org.broadleafcommerce.core.pricing.service.exception",0,1,0,reconstruct,0.5,0.5
"Broadleaf Commerce","Multi-module, layered","pkg:org.broadleafcommerce.core.pricing.service.fulfillment",0.25,0.9935,0.1032,reconstruct,0.3968,0.5
"Broadleaf Commerce","Multi-module, layered","pkg:org.broadleafcommerce.core.pricing.service.fulfillment.provider",2.5,0.9153,0.3995,reconstruct,0.1005,0.5
"Broadleaf Commerce","Multi-module, layered","pkg:org.broadleafcommerce.core.pricing.service.tax.provider",0.5,0.9846,0.1744,reconstruct,0.3256,0.5
"Broadleaf Commerce","Multi-module, layered","pkg:org.broadleafcommerce.core.pricing.service.workflow",0.1333,0.9964,0.0606,reconstruct,0.4394,0.5
"Broadleaf Commerce","Multi-module, layered","pkg:org.broadleafcommerce.core.promotionMessage.domain",1,0.9639,0.2681,reconstruct,0.2319,0.5
"Broadleaf Commerce","Multi-module, layered","pkg:org.broadleafcommerce.core.promotionMessage.domain.type",0,1,0,reconstruct,0.5,0.5
"Broadleaf Commerce","Multi-module, layered","pkg:org.broadleafcommerce.core.promotionMessage.dto",0,1,0,reconstruct,0.5,0.5
"Broadleaf Commerce","Multi-module, layered","pkg:org.broadleafcommerce.core.promotionMessage.dto.service",0.5,0.975,0.1792,reconstruct,0.3208,0.5
"Broadleaf Commerce","Multi-module, layered","pkg:org.broadleafcommerce.core.promotionMessage.service",0,1,0,reconstruct,0.5,0.5
"Broadleaf Commerce","Multi-module, layered","pkg:org.broadleafcommerce.core.promotionMessage.util",0,1,0,reconstruct,0.5,0.5
"Broadleaf Commerce","Multi-module, layered","pkg:org.broadleafcommerce.core.rating.dao",0.5,0.9770,0.1782,reconstruct,0.3218,0.5
"Broadleaf Commerce","Multi-module, layered","pkg:org.broadleafcommerce.core.rating.domain",7,0.75,0.5625,preserve,0.0625,0.5
"Broadleaf Commerce","Multi-module, layered","pkg:org.broadleafcommerce.core.rating.service",0.5,0.9881,0.1726,reconstruct,0.3274,0.5
"Broadleaf Commerce","Multi-module, layered","pkg:org.broadleafcommerce.core.rating.service.type",0,1,0,reconstruct,0.5,0.5
"Broadleaf Commerce","Multi-module, layered","pkg:org.broadleafcommerce.core.registration",0,1,0,reconstruct,0.5,0.5
"Broadleaf Commerce","Multi-module, layered","pkg:org.broadleafcommerce.core.rule",0,1,0,reconstruct,0.5,0.5
"Broadleaf Commerce","Multi-module, layered","pkg:org.broadleafcommerce.core.search.dao",1,0.95,0.275,reconstruct,0.2250,0.5
"Broadleaf Commerce","Multi-module, layered","pkg:org.broadleafcommerce.core.search.domain",4.3667,0.8880,0.4628,reconstruct,0.0372,0.5
"Broadleaf Commerce","Multi-module, layered","pkg:org.broadleafcommerce.core.search.domain.solr",0,1,0,reconstruct,0.5,0.5
"Broadleaf Commerce","Multi-module, layered","pkg:org.broadleafcommerce.core.search.redirect.dao",0.5,0.9474,0.1930,reconstruct,0.3070,0.5
"Broadleaf Commerce","Multi-module, layered","pkg:org.broadleafcommerce.core.search.redirect.domain",0.6667,0.9512,0.2244,reconstruct,0.2756,0.5
"Broadleaf Commerce","Multi-module, layered","pkg:org.broadleafcommerce.core.search.redirect.service",0.5,0.9,0.2167,reconstruct,0.2833,0.5
"Broadleaf Commerce","Multi-module, layered","pkg:org.broadleafcommerce.core.search.service",0.5,0.9932,0.1700,reconstruct,0.3300,0.5
"Broadleaf Commerce","Multi-module, layered","pkg:org.broadleafcommerce.core.search.service.solr",2.4118,0.9357,0.3856,reconstruct,0.1144,0.5
"Broadleaf Commerce","Multi-module, layered","pkg:org.broadleafcommerce.core.search.service.solr.index",2.6429,0.8984,0.4136,reconstruct,0.0864,0.5
"Broadleaf Commerce","Multi-module, layered","pkg:org.broadleafcommerce.core.search.service.solr.indexer",3.1579,0.8295,0.4650,reconstruct,0.0350,0.5
"Broadleaf Commerce","Multi-module, layered","pkg:org.broadleafcommerce.core.social.domain",0.5,0,0.6667,preserve,0.1667,0.5
"Broadleaf Commerce","Multi-module, layered","pkg:org.broadleafcommerce.core.store.dao",0.5,0.9574,0.1879,reconstruct,0.3121,0.5
"Broadleaf Commerce","Multi-module, layered","pkg:org.broadleafcommerce.core.store.domain",0.5,0.9802,0.1766,reconstruct,0.3234,0.5
"Broadleaf Commerce","Multi-module, layered","pkg:org.broadleafcommerce.core.store.service",0.75,0.9348,0.2469,reconstruct,0.2531,0.5
"Broadleaf Commerce","Multi-module, layered","pkg:org.broadleafcommerce.core.util",0,1,0,reconstruct,0.5,0.5
"Broadleaf Commerce","Multi-module, layered","pkg:org.broadleafcommerce.core.util.dao",0.5,0.9730,0.1802,reconstruct,0.3198,0.5
"Broadleaf Commerce","Multi-module, layered","pkg:org.broadleafcommerce.core.util.domain",0.5,0.9767,0.1783,reconstruct,0.3217,0.5
"Broadleaf Commerce","Multi-module, layered","pkg:org.broadleafcommerce.core.util.lock",0.5,0.9677,0.1828,reconstruct,0.3172,0.5
"Broadleaf Commerce","Multi-module, layered","pkg:org.broadleafcommerce.core.util.queue",0.5,0.9730,0.1802,reconstruct,0.3198,0.5
"Broadleaf Commerce","Multi-module, layered","pkg:org.broadleafcommerce.core.util.service",0.6923,0.9174,0.2458,reconstruct,0.2542,0.5
"Broadleaf Commerce","Multi-module, layered","pkg:org.broadleafcommerce.core.util.service.type",0,1,0,reconstruct,0.5,0.5
"Broadleaf Commerce","Multi-module, layered","pkg:org.broadleafcommerce.core.web",0,0,0,reconstruct,0.5,0.5
"Broadleaf Commerce","Multi-module, layered","pkg:org.broadleafcommerce.core.web.breadcrumbs",0.8,0.9677,0.2384,reconstruct,0.2616,0.5
"Broadleaf Commerce","Multi-module, layered","pkg:org.broadleafcommerce.core.web.catalog",0.2857,0.9623,0.1300,reconstruct,0.3700,0.5
"Broadleaf Commerce","Multi-module, layered","pkg:org.broadleafcommerce.core.web.checkout.model",0,1,0,reconstruct,0.5,0.5
"Broadleaf Commerce","Multi-module, layered","pkg:org.broadleafcommerce.core.web.checkout.section",2.3333,0.3636,0.6682,preserve,0.1682,0.5
"Broadleaf Commerce","Multi-module, layered","pkg:org.broadleafcommerce.core.web.checkout.service",0.5,0.9895,0.1719,reconstruct,0.3281,0.5
"Broadleaf Commerce","Multi-module, layered","pkg:org.broadleafcommerce.core.web.checkout.stage",0,1,0,reconstruct,0.5,0.5
"Broadleaf Commerce","Multi-module, layered","pkg:org.broadleafcommerce.core.web.checkout.validator",0.3333,0.92,0.1650,reconstruct,0.335,0.5
"Broadleaf Commerce","Multi-module, layered","pkg:org.broadleafcommerce.core.web.config",0,1,0,reconstruct,0.5,0.5
"Broadleaf Commerce","Multi-module, layered","pkg:org.broadleafcommerce.core.web.controller.account",1.2,0.9237,0.3109,reconstruct,0.1891,0.5
"Broadleaf Commerce","Multi-module, layered","pkg:org.broadleafcommerce.core.web.controller.account.validator",0.2,0.9655,0.1006,reconstruct,0.3994,0.5
"Broadleaf Commerce","Multi-module, layered","pkg:org.broadleafcommerce.core.web.controller.cart",0.5,0.9885,0.1724,reconstruct,0.3276,0.5
"Broadleaf Commerce","Multi-module, layered","pkg:org.broadleafcommerce.core.web.controller.catalog",0.4286,0.9764,0.1618,reconstruct,0.3382,0.5
"Broadleaf Commerce","Multi-module, layered","pkg:org.broadleafcommerce.core.web.controller.checkout",0.8333,0.9588,0.2478,reconstruct,0.2522,0.5
"Broadleaf Commerce","Multi-module, layered","pkg:org.broadleafcommerce.core.web.controller.contact",0,1,0,reconstruct,0.5,0.5
"Broadleaf Commerce","Multi-module, layered","pkg:org.broadleafcommerce.core.web.cookie",1,0.9231,0.2885,reconstruct,0.2115,0.5
"Broadleaf Commerce","Multi-module, layered","pkg:org.broadleafcommerce.core.web.expression",0.125,0.9914,0.0599,reconstruct,0.4401,0.5
"Broadleaf Commerce","Multi-module, layered","pkg:org.broadleafcommerce.core.web.expression.checkout",0,1,0,reconstruct,0.5,0.5
"Broadleaf Commerce","Multi-module, layered","pkg:org.broadleafcommerce.core.web.geolocation",0.5,0.9231,0.2051,reconstruct,0.2949,0.5
"Broadleaf Commerce","Multi-module, layered","pkg:org.broadleafcommerce.core.web.linkeddata.generator",1.1,0.9068,0.3085,reconstruct,0.1915,0.5
"Broadleaf Commerce","Multi-module, layered","pkg:org.broadleafcommerce.core.web.linkeddata.processor",0,1,0,reconstruct,0.5,0.5
"Broadleaf Commerce","Multi-module, layered","pkg:org.broadleafcommerce.core.web.money",0.5,0.75,0.2917,reconstruct,0.2083,0.5
"Broadleaf Commerce","Multi-module, layered","pkg:org.broadleafcommerce.core.web.order",0.2,0.9831,0.0918,reconstruct,0.4082,0.5
"Broadleaf Commerce","Multi-module, layered","pkg:org.broadleafcommerce.core.web.order.security",0.625,0.9528,0.2159,reconstruct,0.2841,0.5
"Broadleaf Commerce","Multi-module, layered","pkg:org.broadleafcommerce.core.web.order.security.exception",0,1,0,reconstruct,0.5,0.5
"Broadleaf Commerce","Multi-module, layered","pkg:org.broadleafcommerce.core.web.order.security.extension",0.6667,0.8333,0.2833,reconstruct,0.2167,0.5
"Broadleaf Commerce","Multi-module, layered","pkg:org.broadleafcommerce.core.web.order.service",0.5,0.9804,0.1765,reconstruct,0.3235,0.5
"Broadleaf Commerce","Multi-module, layered","pkg:org.broadleafcommerce.core.web.payment.service",0,1,0,reconstruct,0.5,0.5
"Broadleaf Commerce","Multi-module, layered","pkg:org.broadleafcommerce.core.web.processor",0.2857,0.968,0.1271,reconstruct,0.3729,0.5
"Broadleaf Commerce","Multi-module, layered","pkg:org.broadleafcommerce.core.web.processor.extension",0.5,0.9333,0.2000,reconstruct,0.3000,0.5
"Broadleaf Commerce","Multi-module, layered","pkg:org.broadleafcommerce.core.web.resolver",0.6667,0.875,0.2625,reconstruct,0.2375,0.5
"Broadleaf Commerce","Multi-module, layered","pkg:org.broadleafcommerce.core.web.search",0.6667,0.9048,0.2476,reconstruct,0.2524,0.5
"Broadleaf Commerce","Multi-module, layered","pkg:org.broadleafcommerce.core.web.security",1,0.6667,0.4167,reconstruct,0.0833,0.5
"Broadleaf Commerce","Multi-module, layered","pkg:org.broadleafcommerce.core.web.seo",1,0.9457,0.2771,reconstruct,0.2229,0.5
"Broadleaf Commerce","Multi-module, layered","pkg:org.broadleafcommerce.core.web.service",0.8,0.9447,0.2499,reconstruct,0.2501,0.5
"Broadleaf Commerce","Multi-module, layered","pkg:org.broadleafcommerce.core.web.util",0,1,0,reconstruct,0.5,0.5
"Broadleaf Commerce","Multi-module, layered","pkg:org.broadleafcommerce.core.workflow",4.7222,0.8737,0.4758,reconstruct,0.0242,0.5
"Broadleaf Commerce","Multi-module, layered","pkg:org.broadleafcommerce.core.workflow.state",4.5,0.7857,0.5162,preserve,0.0162,0.5
"Broadleaf Commerce","Multi-module, layered","pkg:org.broadleafcommerce.core.workflow.state.test",0,1,0,reconstruct,0.5,0.5
"Broadleaf Commerce","Multi-module, layered","pkg:org.broadleafcommerce.openadmin.audit",1.3333,0.8667,0.3524,reconstruct,0.1476,0.5
"Broadleaf Commerce","Multi-module, layered","pkg:org.broadleafcommerce.openadmin.config",0,1,0,reconstruct,0.5,0.5
"Broadleaf Commerce","Multi-module, layered","pkg:org.broadleafcommerce.openadmin.config.properties",0,1,0,reconstruct,0.5,0.5
"Broadleaf Commerce","Multi-module, layered","pkg:org.broadleafcommerce.openadmin.dto",5.8611,0.9559,0.4492,reconstruct,0.0508,0.5
"Broadleaf Commerce","Multi-module, layered","pkg:org.broadleafcommerce.openadmin.dto.override",0.6667,0.9873,0.2063,reconstruct,0.2937,0.5
"Broadleaf Commerce","Multi-module, layered","pkg:org.broadleafcommerce.openadmin.dto.visitor",0.5,0.9730,0.1802,reconstruct,0.3198,0.5
"Broadleaf Commerce","Multi-module, layered","pkg:org.broadleafcommerce.openadmin.exception",0,1,0,reconstruct,0.5,0.5
"Broadleaf Commerce","Multi-module, layered","pkg:org.broadleafcommerce.openadmin.processor",0.3333,0.9516,0.1492,reconstruct,0.3508,0.5
"Broadleaf Commerce","Multi-module, layered","pkg:org.broadleafcommerce.openadmin.security",0.125,0.9808,0.0652,reconstruct,0.4348,0.5
"Broadleaf Commerce","Multi-module, layered","pkg:org.broadleafcommerce.openadmin.server.dao",1.8571,0.9764,0.3368,reconstruct,0.1632,0.5
"Broadleaf Commerce","Multi-module, layered","pkg:org.broadleafcommerce.openadmin.server.dao.provider.metadata",1.0588,0.9792,0.2675,reconstruct,0.2325,0.5
"Broadleaf Commerce","Multi-module, layered","pkg:org.broadleafcommerce.openadmin.server.dao.provider.metadata.request",0.1429,0.9955,0.0647,reconstruct,0.4353,0.5
"Broadleaf Commerce","Multi-module, layered","pkg:org.broadleafcommerce.openadmin.server.domain",0,1,0,reconstruct,0.5,0.5
"Broadleaf Commerce","Multi-module, layered","pkg:org.broadleafcommerce.openadmin.server.factory",0.5,0.9767,0.1783,reconstruct,0.3217,0.5
"Broadleaf Commerce","Multi-module, layered","pkg:org.broadleafcommerce.openadmin.server.security.dao",0.5,0.9758,0.1787,reconstruct,0.3213,0.5
"Broadleaf Commerce","Multi-module, layered","pkg:org.broadleafcommerce.openadmin.server.security.domain",8.4286,0.7713,0.5613,preserve,0.0613,0.5
"Broadleaf Commerce","Multi-module, layered","pkg:org.broadleafcommerce.openadmin.server.security.event",0,1,0,reconstruct,0.5,0.5
"Broadleaf Commerce","Multi-module, layered","pkg:org.broadleafcommerce.openadmin.server.security.extension",0.8,0.9,0.2722,reconstruct,0.2278,0.5
"Broadleaf Commerce","Multi-module, layered","pkg:org.broadleafcommerce.openadmin.server.security.external",0.3333,0.9545,0.1477,reconstruct,0.3523,0.5
"Broadleaf Commerce","Multi-module, layered","pkg:org.broadleafcommerce.openadmin.server.security.handler",0,1,0,reconstruct,0.5,0.5
"Broadleaf Commerce","Multi-module, layered","pkg:org.broadleafcommerce.openadmin.server.security.remote",2.2,0.8817,0.4029,reconstruct,0.0971,0.5
"Broadleaf Commerce","Multi-module, layered","pkg:org.broadleafcommerce.openadmin.server.security.service",4.3571,0.8424,0.4855,reconstruct,0.0145,0.5
"Broadleaf Commerce","Multi-module, layered","pkg:org.broadleafcommerce.openadmin.server.security.service.navigation",1.5714,0.9276,0.3417,reconstruct,0.1583,0.5
"Broadleaf Commerce","Multi-module, layered","pkg:org.broadleafcommerce.openadmin.server.security.service.type",0,1,0,reconstruct,0.5,0.5
"Broadleaf Commerce","Multi-module, layered","pkg:org.broadleafcommerce.openadmin.server.security.service.user",1.5,0.9,0.35,reconstruct,0.1500,0.5
"Broadleaf Commerce","Multi-module, layered","pkg:org.broadleafcommerce.openadmin.server.service",0.5,0.9927,0.1703,reconstruct,0.3297,0.5
"Broadleaf Commerce","Multi-module, layered","pkg:org.broadleafcommerce.openadmin.server.service.artifact",0.75,0.8889,0.2698,reconstruct,0.2302,0.5
"Broadleaf Commerce","Multi-module, layered","pkg:org.broadleafcommerce.openadmin.server.service.artifact.image",1.6667,0.9254,0.3498,reconstruct,0.1502,0.5
"Broadleaf Commerce","Multi-module, layered","pkg:org.broadleafcommerce.openadmin.server.service.artifact.image.effects.chain",0.75,0.9667,0.2310,reconstruct,0.2690,0.5
"Broadleaf Commerce","Multi-module, layered","pkg:org.broadleafcommerce.openadmin.server.service.artifact.image.effects.chain.conversion",2.2,0.8571,0.4152,reconstruct,0.0848,0.5
"Broadleaf Commerce","Multi-module, layered","pkg:org.broadleafcommerce.openadmin.server.service.artifact.image.effects.chain.conversion.impl",0,1,0,reconstruct,0.5,0.5
"Broadleaf Commerce","Multi-module, layered","pkg:org.broadleafcommerce.openadmin.server.service.artifact.image.effects.chain.filter",0.9091,0.9099,0.2831,reconstruct,0.2169,0.5
"Broadleaf Commerce","Multi-module, layered","pkg:org.broadleafcommerce.openadmin.server.service.export",0,1,0,reconstruct,0.5,0.5
"Broadleaf Commerce","Multi-module, layered","pkg:org.broadleafcommerce.openadmin.server.service.extension",0.625,0.8980,0.2433,reconstruct,0.2567,0.5
"Broadleaf Commerce","Multi-module, layered","pkg:org.broadleafcommerce.openadmin.server.service.handler",0.625,0.9836,0.2005,reconstruct,0.2995,0.5
"Broadleaf Commerce","Multi-module, layered","pkg:org.broadleafcommerce.openadmin.server.service.module",0,1,0,reconstruct,0.5,0.5
"Broadleaf Commerce","Multi-module, layered","pkg:org.broadleafcommerce.openadmin.server.service.persistence",9.9286,0.8183,0.5451,preserve,0.0451,0.5
"Broadleaf Commerce","Multi-module, layered","pkg:org.broadleafcommerce.openadmin.server.service.persistence.datasource",0,0,0,reconstruct,0.5,0.5
"Broadleaf Commerce","Multi-module, layered","pkg:org.broadleafcommerce.openadmin.server.service.persistence.extension",0.5,0.9355,0.1989,reconstruct,0.3011,0.5
"Broadleaf Commerce","Multi-module, layered","pkg:org.broadleafcommerce.openadmin.server.service.persistence.module",3.4706,0.9542,0.4111,reconstruct,0.0889,0.5
"Broadleaf Commerce","Multi-module, layered","pkg:org.broadleafcommerce.openadmin.server.service.persistence.module.criteria",5.4545,0.8571,0.4940,reconstruct,0.0060,0.5
"Broadleaf Commerce","Multi-module, layered","pkg:org.broadleafcommerce.openadmin.server.service.persistence.module.criteria.converter",0.9,0.5263,0.4737,reconstruct,0.0263,0.5
"Broadleaf Commerce","Multi-module, layered","pkg:org.broadleafcommerce.openadmin.server.service.persistence.module.criteria.predicate",0.9,0.8784,0.2977,reconstruct,0.2023,0.5
"Broadleaf Commerce","Multi-module, layered","pkg:org.broadleafcommerce.openadmin.server.service.persistence.module.extension",1,0.9529,0.2735,reconstruct,0.2265,0.5
"Broadleaf Commerce","Multi-module, layered","pkg:org.broadleafcommerce.openadmin.server.service.persistence.module.provider",0.9091,0.9826,0.2468,reconstruct,0.2532,0.5
"Broadleaf Commerce","Multi-module, layered","pkg:org.broadleafcommerce.openadmin.server.service.persistence.module.provider.extension",0.5,0.9487,0.1923,reconstruct,0.3077,0.5
"Broadleaf Commerce","Multi-module, layered","pkg:org.broadleafcommerce.openadmin.server.service.persistence.module.provider.request",0,1,0,reconstruct,0.5,0.5
"Broadleaf Commerce","Multi-module, layered","pkg:org.broadleafcommerce.openadmin.server.service.persistence.validation",4.1481,0.7627,0.5215,preserve,0.0215,0.5
"Broadleaf Commerce","Multi-module, layered","pkg:org.broadleafcommerce.openadmin.server.service.sandbox",0,1,0,reconstruct,0.5,0.5
"Broadleaf Commerce","Multi-module, layered","pkg:org.broadleafcommerce.openadmin.server.service.type",0,1,0,reconstruct,0.5,0.5
"Broadleaf Commerce","Multi-module, layered","pkg:org.broadleafcommerce.openadmin.server.util",0.3333,0.8571,0.1964,reconstruct,0.3036,0.5
"Broadleaf Commerce","Multi-module, layered","pkg:org.broadleafcommerce.openadmin.weave",0,1,0,reconstruct,0.5,0.5
"Broadleaf Commerce","Multi-module, layered","pkg:org.broadleafcommerce.openadmin.web.compatibility",0.3333,0.9375,0.1562,reconstruct,0.3438,0.5
"Broadleaf Commerce","Multi-module, layered","pkg:org.broadleafcommerce.openadmin.web.controller",0.55,0.9763,0.1892,reconstruct,0.3108,0.5
"Broadleaf Commerce","Multi-module, layered","pkg:org.broadleafcommerce.openadmin.web.controller.config",0,1,0,reconstruct,0.5,0.5
"Broadleaf Commerce","Multi-module, layered","pkg:org.broadleafcommerce.openadmin.web.controller.entity",0,1,0,reconstruct,0.5,0.5
"Broadleaf Commerce","Multi-module, layered","pkg:org.broadleafcommerce.openadmin.web.controller.modal",0,1,0,reconstruct,0.5,0.5
"Broadleaf Commerce","Multi-module, layered","pkg:org.broadleafcommerce.openadmin.web.dao",0,1,0,reconstruct,0.5,0.5
"Broadleaf Commerce","Multi-module, layered","pkg:org.broadleafcommerce.openadmin.web.editor",0,1,0,reconstruct,0.5,0.5
"Broadleaf Commerce","Multi-module, layered","pkg:org.broadleafcommerce.openadmin.web.expression",0,1,0,reconstruct,0.5,0.5
"Broadleaf Commerce","Multi-module, layered","pkg:org.broadleafcommerce.openadmin.web.filter",0.5,0.9791,0.1771,reconstruct,0.3229,0.5
"Broadleaf Commerce","Multi-module, layered","pkg:org.broadleafcommerce.openadmin.web.form",0,1,0,reconstruct,0.5,0.5
"Broadleaf Commerce","Multi-module, layered","pkg:org.broadleafcommerce.openadmin.web.form.component",16.375,0.6331,0.6547,preserve,0.1547,0.5
"Broadleaf Commerce","Multi-module, layered","pkg:org.broadleafcommerce.openadmin.web.form.entity",12.3846,0.7876,0.5688,preserve,0.0688,0.5
"Broadleaf Commerce","Multi-module, layered","pkg:org.broadleafcommerce.openadmin.web.handler",0,1,0,reconstruct,0.5,0.5
"Broadleaf Commerce","Multi-module, layered","pkg:org.broadleafcommerce.openadmin.web.resource",0,1,0,reconstruct,0.5,0.5
"Broadleaf Commerce","Multi-module, layered","pkg:org.broadleafcommerce.openadmin.web.rulebuilder",2.625,0.9216,0.4012,reconstruct,0.0988,0.5
"Broadleaf Commerce","Multi-module, layered","pkg:org.broadleafcommerce.openadmin.web.rulebuilder.dto",1.625,0.9534,0.3328,reconstruct,0.1672,0.5
"Broadleaf Commerce","Multi-module, layered","pkg:org.broadleafcommerce.openadmin.web.rulebuilder.enums",2.25,0.6897,0.5013,preserve,0.0013,0.5
"Broadleaf Commerce","Multi-module, layered","pkg:org.broadleafcommerce.openadmin.web.rulebuilder.grouping",4,0.7241,0.5379,preserve,0.0379,0.5
"Broadleaf Commerce","Multi-module, layered","pkg:org.broadleafcommerce.openadmin.web.rulebuilder.service",3.1429,0.8451,0.4568,reconstruct,0.0432,0.5
"Broadleaf Commerce","Multi-module, layered","pkg:org.broadleafcommerce.openadmin.web.rulebuilder.statement",1.5,0.8889,0.3556,reconstruct,0.1444,0.5
"Broadleaf Commerce","Multi-module, layered","pkg:org.broadleafcommerce.openadmin.web.service",0.8824,0.9804,0.2442,reconstruct,0.2558,0.5
"Broadleaf Commerce","Multi-module, layered","pkg:org.broadleafcommerce.openadmin.web.service.extension",0,1,0,reconstruct,0.5,0.5
"Broadleaf Commerce","Multi-module, layered","pkg:org.broadleafcommerce.profile.core.config",0,0,0,reconstruct,0.5,0.5
"Broadleaf Commerce","Multi-module, layered","pkg:org.broadleafcommerce.profile.core.dao",0.5,0.9687,0.1823,reconstruct,0.3177,0.5
"Broadleaf Commerce","Multi-module, layered","pkg:org.broadleafcommerce.profile.core.demo",0,1,0,reconstruct,0.5,0.5
"Broadleaf Commerce","Multi-module, layered","pkg:org.broadleafcommerce.profile.core.domain",4.1892,0.9187,0.4443,reconstruct,0.0557,0.5
"Broadleaf Commerce","Multi-module, layered","pkg:org.broadleafcommerce.profile.core.dto",0,1,0,reconstruct,0.5,0.5
"Broadleaf Commerce","Multi-module, layered","pkg:org.broadleafcommerce.profile.core.event",1.5,0.8525,0.3738,reconstruct,0.1262,0.5
"Broadleaf Commerce","Multi-module, layered","pkg:org.broadleafcommerce.profile.core.extension",0.6667,0.9231,0.2385,reconstruct,0.2615,0.5
"Broadleaf Commerce","Multi-module, layered","pkg:org.broadleafcommerce.profile.core.service",0.7826,0.9696,0.2347,reconstruct,0.2653,0.5
"Broadleaf Commerce","Multi-module, layered","pkg:org.broadleafcommerce.profile.core.service.exception",0,1,0,reconstruct,0.5,0.5
"Broadleaf Commerce","Multi-module, layered","pkg:org.broadleafcommerce.profile.core.service.handler",0.5,0.9737,0.1798,reconstruct,0.3202,0.5
"Broadleaf Commerce","Multi-module, layered","pkg:org.broadleafcommerce.profile.core.service.listener",0,1,0,reconstruct,0.5,0.5
"Broadleaf Commerce","Multi-module, layered","pkg:org.broadleafcommerce.profile.core.service.type",0,1,0,reconstruct,0.5,0.5
"Broadleaf Commerce","Multi-module, layered","pkg:org.broadleafcommerce.profile.core.service.validator",0,1,0,reconstruct,0.5,0.5
"Broadleaf Commerce","Multi-module, layered","pkg:org.broadleafcommerce.profile.dataprovider",0,1,0,reconstruct,0.5,0.5
"Broadleaf Commerce","Multi-module, layered","pkg:org.broadleafcommerce.profile.util.dao",0,1,0,reconstruct,0.5,0.5
"Broadleaf Commerce","Multi-module, layered","pkg:org.broadleafcommerce.profile.web.controller",0.3333,0.9831,0.1335,reconstruct,0.3665,0.5
"Broadleaf Commerce","Multi-module, layered","pkg:org.broadleafcommerce.profile.web.controller.validator",0,1,0,reconstruct,0.5,0.5
"Broadleaf Commerce","Multi-module, layered","pkg:org.broadleafcommerce.profile.web.core",0,1,0,reconstruct,0.5,0.5
"Broadleaf Commerce","Multi-module, layered","pkg:org.broadleafcommerce.profile.web.core.config",0,0,0,reconstruct,0.5,0.5
"Broadleaf Commerce","Multi-module, layered","pkg:org.broadleafcommerce.profile.web.core.controller",0,1,0,reconstruct,0.5,0.5
"Broadleaf Commerce","Multi-module, layered","pkg:org.broadleafcommerce.profile.web.core.controller.dataprovider",0,1,0,reconstruct,0.5,0.5
"Broadleaf Commerce","Multi-module, layered","pkg:org.broadleafcommerce.profile.web.core.expression",0,1,0,reconstruct,0.5,0.5
"Broadleaf Commerce","Multi-module, layered","pkg:org.broadleafcommerce.profile.web.core.form",0,1,0,reconstruct,0.5,0.5
"Broadleaf Commerce","Multi-module, layered","pkg:org.broadleafcommerce.profile.web.core.model",0,1,0,reconstruct,0.5,0.5
"Broadleaf Commerce","Multi-module, layered","pkg:org.broadleafcommerce.profile.web.core.security",1,0.9115,0.2942,reconstruct,0.2058,0.5
"Broadleaf Commerce","Multi-module, layered","pkg:org.broadleafcommerce.profile.web.core.service",0,1,0,reconstruct,0.5,0.5
"Broadleaf Commerce","Multi-module, layered","pkg:org.broadleafcommerce.profile.web.core.service.login",0.5,0.9375,0.1979,reconstruct,0.3021,0.5
"Broadleaf Commerce","Multi-module, layered","pkg:org.broadleafcommerce.profile.web.core.service.register",0.5,0.9412,0.1961,reconstruct,0.3039,0.5
"Broadleaf Commerce","Multi-module, layered","pkg:org.broadleafcommerce.profile.web.core.util",0.5,0.875,0.2292,reconstruct,0.2708,0.5
"Broadleaf Commerce","Multi-module, layered","pkg:org.broadleafcommerce.profile.web.email",0,1,0,reconstruct,0.5,0.5
"Broadleaf Commerce","Multi-module, layered","pkg:org.broadleafcommerce.profile.web.site.security",0,1,0,reconstruct,0.5,0.5
"Broadleaf Commerce","Multi-module, layered","pkg:org.broadleafcommerce.security.service",0,1,0,reconstruct,0.5,0.5
"Broadleaf Commerce","Multi-module, layered","pkg:org.broadleafcommerce.security.service.dataprovider",0,1,0,reconstruct,0.5,0.5
"Broadleaf Commerce","Multi-module, layered","pkg:org.broadleafcommerce.site.common.web.filter",0,1,0,reconstruct,0.5,0.5
"Broadleaf Commerce","Multi-module, layered","pkg:org.broadleafcommerce.test",0.1667,0.9938,0.0746,reconstruct,0.4254,0.5
"Broadleaf Commerce","Multi-module, layered","pkg:org.broadleafcommerce.test.common.boot.properties",0,1,0,reconstruct,0.5,0.5
"Broadleaf Commerce","Multi-module, layered","pkg:org.broadleafcommerce.test.common.condition",0,1,0,reconstruct,0.5,0.5
"Broadleaf Commerce","Multi-module, layered","pkg:org.broadleafcommerce.test.common.context.autoconfig",0,1,0,reconstruct,0.5,0.5
"Broadleaf Commerce","Multi-module, layered","pkg:org.broadleafcommerce.test.common.context.autoconfig.nested",0,1,0,reconstruct,0.5,0.5
"Broadleaf Commerce","Multi-module, layered","pkg:org.broadleafcommerce.test.common.context.autoconfig.scan",0,1,0,reconstruct,0.5,0.5
"Broadleaf Commerce","Multi-module, layered","pkg:org.broadleafcommerce.test.common.context.enable",0,1,0,reconstruct,0.5,0.5
"Broadleaf Commerce","Multi-module, layered","pkg:org.broadleafcommerce.test.common.context.merge.reader",0,1,0,reconstruct,0.5,0.5
"Broadleaf Commerce","Multi-module, layered","pkg:org.broadleafcommerce.test.common.context.override.config",0,1,0,reconstruct,0.5,0.5
"Broadleaf Commerce","Multi-module, layered","pkg:org.broadleafcommerce.test.common.context.override.config.client",0,1,0,reconstruct,0.5,0.5
"Broadleaf Commerce","Multi-module, layered","pkg:org.broadleafcommerce.test.common.context.override.config.client.scan",0,1,0,reconstruct,0.5,0.5
"Broadleaf Commerce","Multi-module, layered","pkg:org.broadleafcommerce.test.common.context.override.crossmodule",0,1,0,reconstruct,0.5,0.5
"Broadleaf Commerce","Multi-module, layered","pkg:org.broadleafcommerce.test.common.context.override.crossmodule.early",0,0,0,reconstruct,0.5,0.5
"Broadleaf Commerce","Multi-module, layered","pkg:org.broadleafcommerce.test.common.context.override.crossmodule.late",0,0,0,reconstruct,0.5,0.5
"Broadleaf Commerce","Multi-module, layered","pkg:org.broadleafcommerce.test.common.context.override.entityconfig",0,1,0,reconstruct,0.5,0.5
"Broadleaf Commerce","Multi-module, layered","pkg:org.broadleafcommerce.test.common.context.override.importer",0,1,0,reconstruct,0.5,0.5
"Broadleaf Commerce","Multi-module, layered","pkg:org.broadleafcommerce.test.common.context.override.importer.merge",0,1,0,reconstruct,0.5,0.5
"Broadleaf Commerce","Multi-module, layered","pkg:org.broadleafcommerce.test.common.context.override.reader",0,1,0,reconstruct,0.5,0.5
"Broadleaf Commerce","Multi-module, layered","pkg:org.broadleafcommerce.test.common.generator",0,1,0,reconstruct,0.5,0.5
"Broadleaf Commerce","Multi-module, layered","pkg:org.broadleafcommerce.test.common.properties",0,1,0,reconstruct,0.5,0.5
"Broadleaf Commerce","Multi-module, layered","pkg:org.broadleafcommerce.test.common.properties.sources",0,1,0,reconstruct,0.5,0.5
"Broadleaf Commerce","Multi-module, layered","pkg:org.broadleafcommerce.test.common.rule",0,1,0,reconstruct,0.5,0.5
"Broadleaf Commerce","Multi-module, layered","pkg:org.broadleafcommerce.test.common.test.merge",0,1,0,reconstruct,0.5,0.5
"Broadleaf Commerce","Multi-module, layered","pkg:org.broadleafcommerce.test.common.test.merge.config.framework",0,1,0,reconstruct,0.5,0.5
"Broadleaf Commerce","Multi-module, layered","pkg:org.broadleafcommerce.test.common.time",0,1,0,reconstruct,0.5,0.5
"Broadleaf Commerce","Multi-module, layered","pkg:org.broadleafcommerce.test.common.util",0,1,0,reconstruct,0.5,0.5
"Broadleaf Commerce","Multi-module, layered","pkg:org.broadleafcommerce.test.common.util.dao",0,1,0,reconstruct,0.5,0.5
"Broadleaf Commerce","Multi-module, layered","pkg:org.broadleafcommerce.test.common.web.controller.annotation",0,1,0,reconstruct,0.5,0.5
"Broadleaf Commerce","Multi-module, layered","pkg:org.broadleafcommerce.test.config",0.1667,0.98,0.0814,reconstruct,0.4186,0.5
"Broadleaf Commerce","Multi-module, layered","pkg:org.broadleafcommerce.test.helper",0,1,0,reconstruct,0.5,0.5
"Broadleaf Commerce","Multi-module, layered","pkg:org.broadleafcommerce.test.junit",0,1,0,reconstruct,0.5,0.5
"Broadleaf Commerce","Multi-module, layered","pkg:org.broadleafcommerce.test.translation.sitejvm",0,1,0,reconstruct,0.5,0.5
